region,region_idx,n_ch_all,n_ch_sync,n_exp_all,n_exp_sync,n_sub_all,n_sub_sync,ch_ratio,ch_ratio_ch_sync,ch_ratio_sub_all,ch_ratio_exp_all,exp_all,exp_sync,AAL,BA,p_n_ch_sync,p_ch_ratio_sub_all,p_ch_ratio_exp_all,q_n_ch_sync,q_ch_ratio_sub_all,q_ch_ratio_exp_all
LH_Default_PFC_4,45.0,100,19.0,37,11,1704.0,484.0,0.19,3.61,323.76,7.03,"Chen 2020 1, Chen 2020 2, Cheng 2015, Cheng 2019, Cheng 2021, Cui 2012, Duan 2020 1, Duan 2020 2, Feng 2020, Hu 2017, Li 2020 1, Li 2020 2, Li Ya 2021, Li Yu 2021, Liu Y 2017, Liu J 2019, Lu 2019a 1, Lu 2019a 2, Lu 2019a 3 + Lu & Hao 2019, Lu 2019b 1, Lu 2019b 2, Nozawa 2019, Pan 2020, Pinti 2021, Quinones-Camacho 2021, Sun 2020 1, Sun 2020 2, Wang 2019, Xue 2018 1, Xue 2018 2, Xue 2018 3, Zhang R 2021 1, Zhang R 2021 2, Zhao 2021 1, Zhao 2021 2, Zhu 2021 1, Zhu 2021 2","Cheng 2015, Cheng 2019, Duan 2020 1, Liu Y 2017, Lu 2019a 1, Nozawa 2019, Pan 2020, Pinti 2021, Xue 2018 1, Xue 2018 3, Zhu 2021 1",55.26% Frontal_Sup_2_L; 14.31% Frontal_Mid_2_L; 11.30% OFCant_L; 9.11% no_label; 5.20% Frontal_Med_Orb_L,61.42% Background; 28.88% Brodmann_area_10; 9.69% Brodmann_area_11,0.010399999999999965,0.03159999999999996,0.05840000000000001,0.3535999999999988,0.8069333333333337,0.9998
RH_Cont_PFCl_3,85.0,76,11.0,41,10,1946.0,396.0,0.14473684210526316,1.5921052631578947,281.65789473684214,5.934210526315789,"Chen 2020 1, Chen 2020 2, Cheng 2015, Cheng 2021, Cui 2012, Duan 2020 1, Duan 2020 2, Feng 2020, Hu 2017, Li 2020 1, Li 2020 2, Li Ya 2021, Li Yu 2021, Liu N 2016, Liu J 2019, Lu 2019a 1, Lu 2019a 2, Lu 2019a 3 + Lu & Hao 2019, Lu 2019b 1, Lu 2019b 2, Pan 2017 1, Pan 2017 2, Pan 2017 3, Pan 2020, Pinti 2021, Sun 2020 1, Sun 2020 2, Tang 2016 1, Tang 2016 2, Wang 2019, Xue 2018 1, Xue 2018 2, Xue 2018 3, Zhang M 2021b, Zhang R 2021 1, Zhang R 2021 2, Zhao 2017, Zhao 2021 1, Zhao 2021 2, Zhu 2021 1, Zhu 2021 2","Cheng 2015, Cui 2012, Liu N 2016, Lu 2019a 1, Lu 2019a 2, Lu 2019a 3 + Lu & Hao 2019, Lu 2019b 1, Pan 2020, Wang 2019, Xue 2018 3",65.37% Frontal_Mid_2_R; 33.03% Frontal_Sup_2_R,57.38% Background; 22.30% Brodmann_area_9; 12.71% Brodmann_area_10; 7.61% Brodmann_area_8,0.2016,0.06340000000000001,0.11980000000000002,0.9998,0.8069333333333337,0.9998
RH_Default_PFCdPFCm_1,96.0,33,6.0,33,6,1514.0,280.0,0.18181818181818182,1.0909090909090908,275.27272727272725,6.0,"Cheng 2015, Cheng 2019, Cheng 2021, Cui 2012, Duan 2020 1, Duan 2020 2, Feng 2020, Hu 2017, Li 2020 1, Li 2020 2, Li Ya 2021, Li Yu 2021, Liu N 2016, Liu Y 2017, Liu J 2019, Lu 2019a 1, Lu 2019a 2, Lu 2019a 3 + Lu & Hao 2019, Lu 2019b 1, Lu 2019b 2, Nozawa 2016, Pan 2020, Pinti 2021, Sun 2020 1, Sun 2020 2, Wang 2019, Xue 2018 1, Xue 2018 2, Xue 2018 3, Zhang R 2021 1, Zhang R 2021 2, Zhu 2021 1, Zhu 2021 2","Cheng 2019, Lu 2019a 2, Nozawa 2016, Pan 2020, Pinti 2021, Zhang R 2021 1",29.90% Frontal_Med_Orb_R; 29.52% Frontal_Sup_Medial_R; 27.68% Cingulate_Ant_R,61.54% Background; 19.77% Brodmann_area_10; 9.32% Brodmann_area_32,0.14059999999999995,0.008600000000000052,0.012800000000000034,0.9998,0.5848000000000035,0.8704000000000023
RH_Default_PFCdPFCm_2,97.0,95,12.0,40,10,1972.0,428.0,0.12631578947368421,1.5157894736842106,249.09473684210528,5.052631578947368,"Chen 2020 1, Chen 2020 2, Cheng 2015, Cheng 2019, Cheng 2021, Cui 2012, Duan 2020 1, Duan 2020 2, Feng 2020, Hu 2017, Li 2020 1, Li 2020 2, Li Ya 2021, Li Yu 2021, Liu N 2016, Liu J 2019, Lu 2019a 1, Lu 2019a 2, Lu 2019a 3 + Lu & Hao 2019, Lu 2019b 1, Lu 2019b 2, Pan 2020, Pinti 2021, Sun 2020 1, Sun 2020 2, Tang 2016 1, Tang 2016 2, Wang 2019, Xue 2018 1, Xue 2018 2, Xue 2018 3, Zhang M 2020 + 2021a, Zhang M 2021b, Zhang R 2021 1, Zhang R 2021 2, Zhao 2017, Zhao 2021 1, Zhao 2021 2, Zhu 2021 1, Zhu 2021 2","Chen 2020 1, Liu N 2016, Liu J 2019, Lu 2019a 1, Lu 2019a 2, Wang 2019, Xue 2018 3, Zhang M 2020 + 2021a, Zhao 2017, Zhao 2021 2",41.38% Frontal_Sup_Medial_R; 36.31% Frontal_Sup_2_R; 8.37% Supp_Motor_Area_R; 5.61% Frontal_Sup_Medial_L,68.45% Background; 11.50% Brodmann_area_9; 8.60% Brodmann_area_8; 6.07% Brodmann_area_10; 5.39% Brodmann_area_6,0.3516,0.2178,0.3772,0.9998,0.9998,0.9998
LH_Default_PFC_2,43.0,46,7.0,37,5,1613.0,216.0,0.15217391304347827,1.065217391304348,245.45652173913044,5.630434782608696,"Chen 2020 1, Chen 2020 2, Cheng 2015, Cheng 2019, Cheng 2021, Cui 2012, Feng 2020, Hou 2020, Hu 2017, Li 2020 1, Li 2020 2, Li Ya 2021, Li Yu 2021, Liu T 2017, Liu Y 2017, Liu J 2019, Lu 2019a 1, Lu 2019a 2, Lu 2019a 3 + Lu & Hao 2019, Lu 2019b 1, Lu 2019b 2, Pan 2018 1, Pan 2018 2, Pan 2020, Pan 2021, Pinti 2021, Sun 2020 1, Sun 2020 2, Wang 2019, Xue 2018 1, Xue 2018 2, Xue 2018 3, Zhang M 2020 + 2021a, Zhang R 2021 1, Zhang R 2021 2, Zhu 2021 1, Zhu 2021 2","Hu 2017, Liu T 2017, Pan 2020, Pan 2021, Zhu 2021 1",37.52% Frontal_Inf_Tri_L; 21.71% Frontal_Inf_Orb_2_L; 15.12% Frontal_Mid_2_L; 9.48% OFClat_L; 7.49% Frontal_Inf_Oper_L,65.57% Background; 8.33% Brodmann_area_47; 7.93% Brodmann_area_45; 6.19% Brodmann_area_10,0.24619999999999997,0.059599999999999986,0.05940000000000001,0.9998,0.8069333333333337,0.9998
LH_SalVentAttn_PFCl_1,27.0,60,8.0,33,8,1566.0,382.0,0.13333333333333333,1.0666666666666667,208.79999999999998,4.4,"Chen 2020 1, Chen 2020 2, Cheng 2015, Cheng 2019, Cheng 2021, Cui 2012, Feng 2020, Hu 2017, Li 2020 1, Li 2020 2, Li Ya 2021, Li Yu 2021, Liu J 2019, Lu 2019a 1, Lu 2019a 2, Lu 2019a 3 + Lu & Hao 2019, Lu 2019b 1, Lu 2019b 2, Pan 2020, Pinti 2021, Sun 2020 1, Sun 2020 2, Wang 2019, Xue 2018 1, Xue 2018 2, Xue 2018 3, Zhang M 2021b, Zhang R 2021 1, Zhang R 2021 2, Zhao 2021 1, Zhao 2021 2, Zhu 2021 1, Zhu 2021 2","Li Ya 2021, Liu J 2019, Lu 2019a 1, Lu 2019a 2, Lu 2019a 3 + Lu & Hao 2019, Pan 2020, Sun 2020 2, Zhu 2021 1",58.16% Frontal_Mid_2_L; 41.51% Frontal_Sup_2_L,56.30% Background; 18.90% Brodmann_area_9; 13.79% Brodmann_area_10; 10.81% Brodmann_area_8,0.3234,0.22360000000000002,0.31820000000000004,0.9998,0.9998,0.9998
LH_Cont_PFCl_1,35.0,46,6.0,35,5,1569.0,174.0,0.13043478260869565,0.7826086956521738,204.65217391304347,4.565217391304348,"Cheng 2015, Cheng 2021, Cui 2012, Feng 2020, Hou 2020, Hu 2017, Koide & Shimada 2018, Li 2020 1, Li 2020 2, Li Ya 2021, Li Yu 2021, Liu T 2017, Liu Y 2017, Liu J 2019, Lu 2019a 1, Lu 2019a 2, Lu 2019a 3 + Lu & Hao 2019, Lu 2019b 1, Lu 2019b 2, Pan 2018 1, Pan 2018 2, Pan 2020, Pinti 2021, Sun 2020 1, Sun 2020 2, Wang 2019, Xue 2018 1, Xue 2018 2, Xue 2018 3, Zhang M 2020 + 2021a, Zhang M 2021b, Zhang R 2021 1, Zhang R 2021 2, Zhu 2021 1, Zhu 2021 2","Li Yu 2021, Lu 2019a 1, Lu 2019a 2, Wang 2019, Zhang R 2021 1",54.13% Frontal_Inf_Tri_L; 38.23% Frontal_Mid_2_L; 6.07% Frontal_Inf_Oper_L,69.32% Background; 11.72% Brodmann_area_46; 10.91% Brodmann_area_9; 6.83% Brodmann_area_10,0.402,0.14980000000000004,0.1856,0.9998,0.9998,0.9998
RH_Cont_PFCl_2,84.0,51,6.0,37,5,1727.0,206.0,0.11764705882352941,0.7058823529411764,203.1764705882353,4.352941176470588,"Cheng 2015, Cheng 2021, Cui 2012, Feng 2020, Hou 2020, Hu 2017, Li 2020 1, Li 2020 2, Li Ya 2021, Liu N 2016, Liu J 2019, Lu 2019a 1, Lu 2019a 2, Lu 2019a 3 + Lu & Hao 2019, Lu 2019b 1, Lu 2019b 2, Pan 2017 1, Pan 2017 2, Pan 2017 3, Pan 2018 1, Pan 2018 2, Pan 2020, Pinti 2021, Sun 2020 1, Sun 2020 2, Tang 2016 1, Tang 2016 2, Wang 2019, Xue 2018 1, Xue 2018 2, Xue 2018 3, Zhang M 2020 + 2021a, Zhang M 2021b, Zhang R 2021 1, Zhang R 2021 2, Zhu 2021 1, Zhu 2021 2","Liu N 2016, Lu 2019a 1, Lu 2019a 2, Pan 2020, Zhang M 2020 + 2021a",52.90% Frontal_Mid_2_R; 43.44% Frontal_Inf_Tri_R,64.16% Background; 21.65% Brodmann_area_46; 12.04% Brodmann_area_10,0.49560000000000004,0.20199999999999996,0.2704,0.9998,0.9998,0.9998
RH_Cont_PFCl_1,83.0,154,17.0,38,9,1722.0,376.0,0.11038961038961038,1.8766233766233766,190.0909090909091,4.194805194805195,"Chen 2020 1, Chen 2020 2, Cheng 2015, Cheng 2019, Cheng 2021, Cui 2012, Duan 2020 1, Duan 2020 2, Feng 2020, Hu 2017, Li 2020 1, Li 2020 2, Li Ya 2021, Li Yu 2021, Liu N 2016, Liu Y 2017, Liu J 2019, Lu 2019a 1, Lu 2019a 2, Lu 2019a 3 + Lu & Hao 2019, Lu 2019b 1, Lu 2019b 2, Nozawa 2019, Pan 2020, Pinti 2021, Quinones-Camacho 2021, Sun 2020 1, Sun 2020 2, Wang 2019, Xue 2018 1, Xue 2018 2, Xue 2018 3, Zhang R 2021 1, Zhang R 2021 2, Zhao 2021 1, Zhao 2021 2, Zhu 2021 1, Zhu 2021 2","Cheng 2019, Feng 2020, Liu Y 2017, Lu 2019a 1, Pan 2020, Quinones-Camacho 2021, Zhang R 2021 1, Zhang R 2021 2, Zhao 2021 1",44.35% Frontal_Sup_2_R; 27.03% Frontal_Mid_2_R; 15.62% OFCant_R,62.64% Background; 29.40% Brodmann_area_10; 7.76% Brodmann_area_11,0.532,0.7916,0.8284,0.9998,0.9998,0.9998
RH_SalVentAttn_TempOccPar_1,74.0,26,4.0,23,3,1059.0,154.0,0.15384615384615385,0.6153846153846154,162.92307692307693,3.5384615384615388,"Chen 2020 1, Chen 2020 2, Cheng 2021, Duan 2020 1, Duan 2020 2, Hou 2020, Liu T 2017, Liu J 2019, Lu 2019b 1, Lu 2019b 2, Pan 2018 1, Pan 2018 2, Pan 2021, Tang 2016 1, Tang 2016 2, Wang 2019, Xue 2018 1, Xue 2018 2, Xue 2018 3, Zhang R 2021 1, Zhang R 2021 2, Zhang Y 2020 1, Zhang Y 2020 2","Liu T 2017, Pan 2021, Tang 2016 2",53.36% Temporal_Sup_R; 35.27% Temporal_Mid_R; 8.47% SupraMarginal_R,69.49% Background; 17.98% Brodmann_area_22,0.3076,0.11319999999999997,0.14159999999999995,0.9998,0.9621999999999997,0.9998
RH_Cont_Par_2,82.0,51,7.0,26,6,1131.0,361.0,0.13725490196078433,0.9607843137254903,155.23529411764707,3.5686274509803924,"Chen 2020 1, Chen 2020 2, Cheng 2021, Duan 2020 1, Duan 2020 2, Hou 2020, Liu Y 2017, Liu J 2019, Lu 2019b 1, Lu 2019b 2, Pan 2017 1, Pan 2017 2, Pan 2017 3, Pan 2018 1, Pan 2018 2, Pan 2021, Tang 2016 1, Tang 2016 2, Wang 2019, Xue 2018 1, Xue 2018 2, Xue 2018 3, Zhang R 2021 1, Zhang R 2021 2, Zhang Y 2020 1, Zhang Y 2020 2","Cheng 2021, Pan 2018 1, Pan 2018 2, Pan 2021, Tang 2016 1, Zhang Y 2020 1",59.87% Angular_R; 30.26% Parietal_Inf_R; 5.92% Parietal_Sup_R,70.86% Background; 10.90% Brodmann_area_40; 8.83% Brodmann_area_39; 6.86% Brodmann_area_7,0.3268,0.4486,0.44699999999999995,0.9998,0.9998,0.9998
RH_Vis_3,53.0,15,3.0,15,3,637.0,76.0,0.2,0.6000000000000001,127.4,3.0,"Cheng 2021, Hou 2020, Liu J 2019, Lu 2019b 1, Lu 2019b 2, Pan 2018 1, Pan 2018 2, Wang 2019, Xue 2018 1, Xue 2018 2, Xue 2018 3, Zhang R 2021 1, Zhang R 2021 2, Zhang Y 2020 1, Zhang Y 2020 2","Lu 2019b 1, Pan 2018 1, Pan 2018 2",52.97% Temporal_Inf_R; 16.71% Temporal_Mid_R; 13.22% Occipital_Inf_R; 9.29% Fusiform_R; 5.94% no_label,68.73% Background; 17.48% Brodmann_area_37; 8.24% Brodmann_area_19,0.22760000000000002,0.0968,0.08140000000000003,0.9998,0.9403428571428571,0.9998
RH_Default_Par_1,90.0,35,3.0,26,3,1157.0,98.0,0.08571428571428572,0.2571428571428571,99.17142857142858,2.2285714285714286,"Chen 2020 1, Chen 2020 2, Cheng 2021, Duan 2020 1, Duan 2020 2, Hou 2020, Liu T 2017, Liu J 2019, Lu 2019b 1, Lu 2019b 2, Pan 2017 1, Pan 2017 2, Pan 2017 3, Pan 2018 1, Pan 2018 2, Pan 2021, Tang 2016 1, Tang 2016 2, Wang 2019, Xue 2018 1, Xue 2018 2, Xue 2018 3, Zhang R 2021 1, Zhang R 2021 2, Zhang Y 2020 1, Zhang Y 2020 2","Chen 2020 2, Duan 2020 1, Xue 2018 3",39.79% Angular_R; 23.14% SupraMarginal_R; 17.42% Parietal_Inf_R; 11.62% Temporal_Sup_R; 6.78% Temporal_Mid_R,70.38% Background; 23.43% Brodmann_area_40,0.7652,0.605,0.6288,0.9998,0.9998,0.9998
RH_Default_PFCv_2,95.0,17,5.0,10,3,311.0,79.0,0.29411764705882354,1.4705882352941178,91.47058823529412,2.9411764705882355,"Hou 2020, Liu T 2017, Pan 2017 1, Pan 2017 2, Pan 2017 3, Pan 2018 1, Pan 2018 2, Pan 2021, Pinti 2021, Zhang M 2020 + 2021a","Hou 2020, Liu T 2017, Pan 2021",49.04% Frontal_Inf_Tri_R; 29.16% Frontal_Inf_Orb_2_R; 8.70% Frontal_Inf_Oper_R; 6.31% OFClat_R; 5.83% Insula_R,63.48% Background; 16.16% Brodmann_area_45; 14.82% Brodmann_area_47,0.03400000000000003,0.28559999999999997,0.11599999999999999,0.5780000000000005,0.9998,0.9998
LH_Default_Par_2,41.0,36,10.0,10,5,307.0,110.0,0.2777777777777778,2.7777777777777777,85.27777777777779,2.7777777777777777,"Hou 2020, Koide & Shimada 2018, Liu T 2017, Liu Y 2017, Pan 2018 1, Pan 2018 2, Pan 2020, Pan 2021, Zhu 2021 1, Zhu 2021 2","Liu Y 2017, Pan 2018 1, Pan 2018 2, Pan 2020, Pan 2021",36.97% Angular_L; 20.68% no_label; 18.73% Parietal_Inf_L; 11.16% Occipital_Mid_L; 7.49% Temporal_Mid_L,70.00% Background; 15.30% Brodmann_area_39; 9.40% Brodmann_area_40,0.0040000000000000036,0.7066,0.492,0.27200000000000024,0.9998,0.9998
RH_Vis_7,57.0,27,3.0,16,2,760.0,55.0,0.1111111111111111,0.3333333333333333,84.44444444444444,1.7777777777777777,"Chen 2020 1, Chen 2020 2, Cheng 2021, Duan 2020 1, Duan 2020 2, Liu J 2019, Lu 2019b 1, Lu 2019b 2, Wang 2019, Xue 2018 1, Xue 2018 2, Xue 2018 3, Zhang R 2021 1, Zhang R 2021 2, Zhang Y 2020 1, Zhang Y 2020 2","Chen 2020 2, Zhang Y 2020 1",74.44% Occipital_Mid_R; 13.55% Occipital_Sup_R; 6.74% Temporal_Mid_R,65.10% Background; 27.46% Brodmann_area_19,0.5876,0.5602,0.6016,0.9998,0.9998,0.9998
RH_DorsAttn_Post_1,67.0,36,3.0,21,2,997.0,152.0,0.08333333333333333,0.25,83.08333333333333,1.75,"Chen 2020 1, Chen 2020 2, Cheng 2021, Duan 2020 1, Duan 2020 2, Hou 2020, Liu J 2019, Lu 2019b 1, Lu 2019b 2, Pan 2018 1, Pan 2018 2, Tang 2016 1, Tang 2016 2, Wang 2019, Xue 2018 1, Xue 2018 2, Xue 2018 3, Zhang R 2021 1, Zhang R 2021 2, Zhang Y 2020 1, Zhang Y 2020 2","Lu 2019b 1, Tang 2016 1",64.75% Temporal_Mid_R; 16.66% Occipital_Mid_R; 13.16% Angular_R,64.69% Background; 19.46% Brodmann_area_39; 5.61% Brodmann_area_19,0.7787999999999999,0.7286,0.7767999999999999,0.9998,0.9998,0.9998
LH_Default_PFC_5,46.0,135,6.0,38,5,1778.0,242.0,0.044444444444444446,0.26666666666666666,79.02222222222223,1.6888888888888889,"Chen 2020 1, Chen 2020 2, Cheng 2015, Cheng 2019, Cheng 2021, Cui 2012, Duan 2020 1, Duan 2020 2, Feng 2020, Hu 2017, Li 2020 1, Li 2020 2, Li Ya 2021, Li Yu 2021, Liu N 2016, Liu J 2019, Lu 2019a 1, Lu 2019a 2, Lu 2019a 3 + Lu & Hao 2019, Lu 2019b 1, Lu 2019b 2, Pan 2020, Pinti 2021, Sun 2020 1, Sun 2020 2, Wang 2019, Xue 2018 1, Xue 2018 2, Xue 2018 3, Zhang M 2020 + 2021a, Zhang M 2021b, Zhang R 2021 1, Zhang R 2021 2, Zhao 2017, Zhao 2021 1, Zhao 2021 2, Zhu 2021 1, Zhu 2021 2","Liu J 2019, Lu 2019a 1, Lu 2019a 2, Pan 2020, Wang 2019",51.49% Frontal_Sup_Medial_L; 39.10% Frontal_Sup_2_L; 6.02% Supp_Motor_Area_L,65.38% Background; 11.39% Brodmann_area_9; 11.15% Brodmann_area_8; 6.06% Brodmann_area_6; 6.02% Brodmann_area_10,0.9984,0.9984,0.9988,0.9998,0.9998,0.9998
LH_DorsAttn_Post_6,21.0,6,3.0,4,3,154.0,118.0,0.5,1.5,77.0,2.0,"Koide & Shimada 2018, Liu Y 2017, Zhu 2021 1, Zhu 2021 2","Koide & Shimada 2018, Liu Y 2017, Zhu 2021 1",57.52% Parietal_Sup_L; 22.34% Precuneus_L; 14.93% Postcentral_L,80.06% Background; 13.78% Brodmann_area_7,0.021399999999999975,0.07120000000000004,0.09319999999999995,0.48506666666666604,0.8069333333333337,0.9998
RH_DorsAttn_PrCv_1,72.0,13,3.0,10,3,319.0,134.0,0.23076923076923078,0.6923076923076923,73.61538461538461,2.307692307692308,"Hou 2020, Liu T 2017, Pan 2017 1, Pan 2017 2, Pan 2017 3, Pan 2018 1, Pan 2018 2, Pan 2021, Zhang M 2020 + 2021a, Zhang M 2021b","Pan 2021, Zhang M 2020 + 2021a, Zhang M 2021b",44.81% Frontal_Inf_Oper_R; 33.55% Precentral_R; 12.93% Frontal_Inf_Tri_R,64.92% Background; 15.43% Brodmann_area_9; 9.35% Brodmann_area_6; 6.85% Brodmann_area_44,0.16559999999999997,0.30000000000000004,0.16200000000000003,0.9998,0.9998,0.9998
LH_Cont_Par_1,34.0,5,2.0,5,2,182.0,66.0,0.4,0.8,72.8,2.0,"Liu T 2017, Liu Y 2017, Pan 2020, Zhu 2021 1, Zhu 2021 2","Liu Y 2017, Pan 2020",71.29% Parietal_Inf_L; 14.02% Parietal_Sup_L; 7.76% no_label,67.34% Background; 19.99% Brodmann_area_40; 8.65% Brodmann_area_7,0.09640000000000004,0.06820000000000004,0.0816,0.9998,0.8069333333333337,0.9998
RH_SomMot_6,64.0,46,3.0,19,2,836.0,50.0,0.06521739130434782,0.19565217391304346,54.52173913043478,1.2391304347826086,"Chen 2020 1, Chen 2020 2, Cheng 2021, Liu T 2017, Liu Y 2017, Liu J 2019, Lu 2019b 1, Lu 2019b 2, Pan 2017 1, Pan 2017 2, Pan 2017 3, Wang 2019, Xue 2018 1, Xue 2018 2, Xue 2018 3, Zhang R 2021 1, Zhang R 2021 2, Zhang Y 2020 1, Zhang Y 2020 2","Liu Y 2017, Wang 2019",54.07% Precentral_R; 40.25% Postcentral_R,66.67% Background; 13.64% Brodmann_area_4; 10.04% Brodmann_area_3,0.9016,0.9428,0.9496,0.9998,0.9998,0.9998
RH_SomMot_4,62.0,16,2.0,12,2,415.0,43.0,0.125,0.25,51.875,1.5,"Hou 2020, Liu T 2017, Liu J 2019, Lu 2019b 1, Lu 2019b 2, Pan 2017 1, Pan 2017 2, Pan 2017 3, Pan 2018 1, Pan 2018 2, Pan 2021, Quinones-Camacho 2021","Hou 2020, Quinones-Camacho 2021",62.76% Postcentral_R; 33.37% Precentral_R,63.14% Background; 26.28% Brodmann_area_6; 5.98% Brodmann_area_4,0.5442,0.5364,0.5296000000000001,0.9998,0.9998,0.9998
LH_SomMot_5,14.0,19,4.0,6,4,246.0,166.0,0.21052631578947367,0.8421052631578947,51.78947368421052,1.263157894736842,"Koide & Shimada 2018, Liu T 2017, Liu Y 2017, Pan 2020, Zhu 2021 1, Zhu 2021 2","Koide & Shimada 2018, Liu Y 2017, Pan 2020, Zhu 2021 1",55.07% Postcentral_L; 38.06% Precentral_L; 5.18% no_label,65.77% Background; 12.05% Brodmann_area_4; 11.54% Brodmann_area_3,0.14959999999999996,0.6284000000000001,0.6392,0.9998,0.9998,0.9998
RH_DorsAttn_Post_5,71.0,25,2.0,15,2,606.0,49.0,0.08,0.16,48.480000000000004,1.2,"Chen 2020 1, Chen 2020 2, Cheng 2021, Liu Y 2017, Pan 2017 1, Pan 2017 2, Pan 2017 3, Wang 2019, Xue 2018 1, Xue 2018 2, Xue 2018 3, Zhang R 2021 1, Zhang R 2021 2, Zhang Y 2020 1, Zhang Y 2020 2","Wang 2019, Zhang Y 2020 1",46.68% Precuneus_R; 31.60% Parietal_Sup_R; 20.29% Postcentral_R,82.35% Background; 15.76% Brodmann_area_7,0.7736000000000001,0.769,0.7734,0.9998,0.9998,0.9998
LH_SomMot_4,13.0,18,2.0,13,2,417.0,44.0,0.1111111111111111,0.2222222222222222,46.33333333333333,1.4444444444444444,"Hou 2020, Koide & Shimada 2018, Liu N 2016, Liu T 2017, Pan 2018 1, Pan 2018 2, Pan 2020, Pan 2021, Quinones-Camacho 2021, Zhao 2021 1, Zhao 2021 2, Zhu 2021 1, Zhu 2021 2","Pan 2021, Quinones-Camacho 2021",73.10% Postcentral_L; 21.03% Precentral_L; 5.60% no_label,61.37% Background; 19.22% Brodmann_area_6; 10.11% Brodmann_area_4; 5.78% Brodmann_area_3,0.606,0.6222,0.5966,0.9998,0.9998,0.9998
LH_Default_Temp_2,39.0,4,1.0,4,1,176.0,48.0,0.25,0.25,44.0,1.0,"Liu T 2017, Pan 2020, Zhao 2021 1, Zhao 2021 2",Pan 2020,88.43% Temporal_Mid_L; 6.80% no_label,71.07% Background; 18.37% Brodmann_area_21; 10.01% Brodmann_area_22,0.38560000000000005,0.16579999999999995,0.3528,0.9998,0.9998,0.9998
RH_DorsAttn_Post_3,69.0,19,1.0,17,1,826.0,32.0,0.05263157894736842,0.05263157894736842,43.473684210526315,0.894736842105263,"Chen 2020 1, Chen 2020 2, Cheng 2021, Liu T 2017, Pan 2017 1, Pan 2017 2, Pan 2017 3, Tang 2016 1, Tang 2016 2, Wang 2019, Xue 2018 1, Xue 2018 2, Xue 2018 3, Zhang R 2021 1, Zhang R 2021 2, Zhang Y 2020 1, Zhang Y 2020 2",Wang 2019,42.84% Parietal_Inf_R; 18.31% Parietal_Sup_R; 13.71% no_label; 9.28% Angular_R; 8.09% SupraMarginal_R; 7.75% Postcentral_R,67.21% Background; 23.08% Brodmann_area_40; 8.01% Brodmann_area_7,0.8894,0.659,0.7024,0.9998,0.9998,0.9998
RH_DorsAttn_Post_4,70.0,37,2.0,18,2,792.0,59.0,0.05405405405405406,0.10810810810810811,42.810810810810814,0.972972972972973,"Chen 2020 1, Chen 2020 2, Cheng 2021, Liu Y 2017, Liu J 2019, Lu 2019b 1, Lu 2019b 2, Pan 2017 1, Pan 2017 2, Pan 2017 3, Wang 2019, Xue 2018 1, Xue 2018 2, Xue 2018 3, Zhang R 2021 1, Zhang R 2021 2, Zhang Y 2020 1, Zhang Y 2020 2","Chen 2020 2, Zhang Y 2020 2",56.13% Parietal_Sup_R; 14.19% Occipital_Sup_R; 13.17% Occipital_Mid_R; 6.31% Angular_R; 5.13% Precuneus_R,73.39% Background; 18.83% Brodmann_area_7; 6.91% Brodmann_area_19,0.9258,0.925,0.9258,0.9998,0.9998,0.9998
RH_Limbic_OFC_1,79.0,4,1.0,4,1,146.0,18.0,0.25,0.25,36.5,1.0,"Chen 2020 1, Chen 2020 2, Liu Y 2017, Pinti 2021",Liu Y 2017,28.24% Rectus_R; 26.67% OFCmed_R; 11.54% no_label; 9.26% OFCpost_R; 7.64% OFCant_R; 6.53% Frontal_Med_Orb_R; 6.28% Olfactory_R,62.70% Background; 24.54% Brodmann_area_11; 7.14% Brodmann_area_47,0.38060000000000005,0.236,0.34199999999999997,0.9998,0.9998,0.9998
RH_SomMot_1,59.0,21,1.0,18,1,763.0,17.0,0.047619047619047616,0.047619047619047616,36.33333333333333,0.8571428571428571,"Chen 2020 1, Chen 2020 2, Cheng 2021, Hou 2020, Liu T 2017, Liu J 2019, Lu 2019b 1, Lu 2019b 2, Pan 2018 1, Pan 2018 2, Wang 2019, Xue 2018 1, Xue 2018 2, Xue 2018 3, Zhang R 2021 1, Zhang R 2021 2, Zhang Y 2020 1, Zhang Y 2020 2",Zhang Y 2020 1,61.86% Temporal_Sup_R; 12.20% Heschl_R; 7.70% Insula_R; 6.96% Temporal_Pole_Sup_R; 6.96% Rolandic_Oper_R,57.42% Background; 14.54% Brodmann_area_22; 9.61% Brodmann_area_13; 8.26% Brodmann_area_41; 6.84% Brodmann_area_42,0.9104,0.7872,0.772,0.9998,0.9998,0.9998
LH_DorsAttn_Post_3,18.0,8,2.0,4,2,138.0,66.0,0.25,0.5,34.5,1.0,"Liu Y 2017, Pan 2020, Zhu 2021 1, Zhu 2021 2","Liu Y 2017, Pan 2020",48.76% Parietal_Sup_L; 19.47% Occipital_Mid_L; 12.02% Parietal_Inf_L; 6.82% no_label; 6.53% Precuneus_L; 6.41% Occipital_Sup_L,74.75% Background; 17.56% Brodmann_area_7; 5.89% Brodmann_area_19,0.2116,0.478,0.42800000000000005,0.9998,0.9998,0.9998
RH_DorsAttn_Post_2,68.0,17,1.0,12,1,534.0,44.0,0.058823529411764705,0.058823529411764705,31.41176470588235,0.7058823529411764,"Chen 2020 1, Chen 2020 2, Cheng 2021, Liu T 2017, Wang 2019, Xue 2018 1, Xue 2018 2, Xue 2018 3, Zhang R 2021 1, Zhang R 2021 2, Zhang Y 2020 1, Zhang Y 2020 2",Liu T 2017,85.28% Postcentral_R; 11.19% SupraMarginal_R,57.79% Background; 10.95% Brodmann_area_40; 10.22% Brodmann_area_2; 8.03% Brodmann_area_3; 7.42% Brodmann_area_4,0.8612,0.793,0.855,0.9998,0.9998,0.9998
LH_SalVentAttn_FrOperIns_2,26.0,2,1.0,2,1,62.0,18.0,0.5,0.5,31.0,1.0,"Liu T 2017, Pan 2021",Pan 2021,64.87% Insula_L; 11.27% Frontal_Inf_Tri_L; 9.59% Rolandic_Oper_L; 8.75% Frontal_Inf_Oper_L,68.94% Background; 24.34% Brodmann_area_13,0.20699999999999996,0.14880000000000004,0.20420000000000005,0.9998,0.9998,0.9998
RH_Cont_Par_1,81.0,40,1.0,25,1,1113.0,34.0,0.025,0.025,27.825000000000003,0.625,"Chen 2020 1, Chen 2020 2, Cheng 2021, Duan 2020 1, Duan 2020 2, Hou 2020, Liu Y 2017, Liu J 2019, Lu 2019b 1, Lu 2019b 2, Pan 2017 1, Pan 2017 2, Pan 2017 3, Pan 2018 1, Pan 2018 2, Tang 2016 1, Tang 2016 2, Wang 2019, Xue 2018 1, Xue 2018 2, Xue 2018 3, Zhang R 2021 1, Zhang R 2021 2, Zhang Y 2020 1, Zhang Y 2020 2",Pan 2017 1,59.43% SupraMarginal_R; 31.09% Parietal_Inf_R; 8.49% no_label,65.92% Background; 34.08% Brodmann_area_40,0.9884,0.9744,0.9816,0.9998,0.9998,0.9998
LH_DorsAttn_Post_2,17.0,13,1.0,10,1,355.0,44.0,0.07692307692307693,0.07692307692307693,27.30769230769231,0.7692307692307693,"Hou 2020, Koide & Shimada 2018, Liu T 2017, Pan 2018 1, Pan 2018 2, Pan 2020, Zhao 2021 1, Zhao 2021 2, Zhu 2021 1, Zhu 2021 2",Liu T 2017,29.06% Parietal_Inf_L; 28.95% SupraMarginal_L; 26.54% Postcentral_L; 15.45% no_label,61.33% Background; 14.87% Brodmann_area_40; 11.10% Brodmann_area_2,0.7876,0.763,0.772,0.9998,0.9998,0.9998
LH_Default_Par_1,40.0,12,1.0,11,1,327.0,17.0,0.08333333333333333,0.08333333333333333,27.25,0.9166666666666666,"Hou 2020, Liu N 2016, Liu T 2017, Pan 2018 1, Pan 2018 2, Pan 2020, Pan 2021, Zhao 2021 1, Zhao 2021 2, Zhu 2021 1, Zhu 2021 2",Hou 2020,69.08% Temporal_Mid_L; 18.19% Temporal_Sup_L; 12.05% no_label,66.85% Background; 19.98% Brodmann_area_22; 6.36% Brodmann_area_21; 5.47% Brodmann_area_39,0.7485999999999999,0.7272000000000001,0.6028,0.9998,0.9998,0.9998
LH_Vis_7,7.0,6,1.0,6,1,163.0,48.0,0.16666666666666666,0.16666666666666666,27.166666666666664,1.0,"Hou 2020, Pan 2018 1, Pan 2018 2, Pan 2020, Zhu 2021 1, Zhu 2021 2",Pan 2020,42.60% Temporal_Mid_L; 40.15% Occipital_Mid_L; 16.29% no_label,66.24% Background; 17.25% Brodmann_area_19; 11.82% Brodmann_area_39,0.509,0.475,0.41400000000000003,0.9998,0.9998,0.9998
LH_SalVentAttn_ParOper_1,24.0,12,1.0,9,1,311.0,42.0,0.08333333333333333,0.08333333333333333,25.916666666666664,0.75,"Hou 2020, Koide & Shimada 2018, Pan 2018 1, Pan 2018 2, Pan 2020, Zhao 2021 1, Zhao 2021 2, Zhu 2021 1, Zhu 2021 2",Zhao 2021 1,54.68% SupraMarginal_L; 19.18% no_label; 14.18% Temporal_Sup_L; 11.21% Parietal_Inf_L,62.47% Background; 34.11% Brodmann_area_40,0.7544,0.736,0.7464,0.9998,0.9998,0.9998
RH_SalVentAttn_TempOccPar_2,75.0,39,1.0,23,1,905.0,26.0,0.02564102564102564,0.02564102564102564,23.205128205128204,0.5897435897435898,"Chen 2020 1, Chen 2020 2, Cheng 2021, Hou 2020, Liu T 2017, Liu J 2019, Lu 2019b 1, Lu 2019b 2, Pan 2017 1, Pan 2017 2, Pan 2017 3, Pan 2018 1, Pan 2018 2, Pan 2021, Quinones-Camacho 2021, Wang 2019, Xue 2018 1, Xue 2018 2, Xue 2018 3, Zhang R 2021 1, Zhang R 2021 2, Zhang Y 2020 1, Zhang Y 2020 2",Quinones-Camacho 2021,68.61% SupraMarginal_R; 10.81% Temporal_Sup_R; 8.46% Rolandic_Oper_R; 7.52% Postcentral_R,64.57% Background; 22.56% Brodmann_area_40,0.9906,0.9882,0.9896,0.9998,0.9998,0.9998
LH_SomMot_1,10.0,21,1.0,12,1,391.0,18.0,0.047619047619047616,0.047619047619047616,18.619047619047617,0.5714285714285714,"Hou 2020, Koide & Shimada 2018, Liu N 2016, Liu T 2017, Pan 2018 1, Pan 2018 2, Pan 2020, Pan 2021, Zhao 2021 1, Zhao 2021 2, Zhu 2021 1, Zhu 2021 2",Pan 2021,77.45% Temporal_Sup_L; 6.85% no_label; 6.65% Heschl_L,62.34% Background; 14.57% Brodmann_area_22; 8.92% Brodmann_area_41; 6.85% Brodmann_area_13; 6.05% Brodmann_area_42,0.9214,0.9214,0.9214,0.9998,0.9998,0.9998
LH_Default_PFC_1,42.0,1,0.0,1,0,62.0,0.0,0.0,0.0,0.0,0.0,Zhang M 2020 + 2021a,,41.47% Insula_L; 22.99% OFCpost_L; 19.61% Frontal_Inf_Orb_2_L; 7.33% Temporal_Pole_Sup_L,71.79% Background; 19.75% Brodmann_area_47; 6.91% Brodmann_area_13,0.9998,0.9998,0.9998,0.9998,0.9998,0.9998
LH_Vis_8,8.0,1,0.0,1,0,48.0,0.0,0.0,0.0,0.0,0.0,Pan 2020,,47.81% Occipital_Mid_L; 34.06% Occipital_Sup_L; 9.79% no_label; 8.02% Cuneus_L,61.12% Background; 27.33% Brodmann_area_19; 10.64% Brodmann_area_18,0.9998,0.9998,0.9998,0.9998,0.9998,0.9998
RH_DorsAttn_FEF_1,73.0,3,0.0,3,0,98.0,0.0,0.0,0.0,0.0,0.0,"Pan 2017 1, Pan 2017 2, Pan 2017 3",,59.76% Frontal_Sup_2_R; 17.39% Precentral_R; 10.72% Frontal_Mid_2_R; 9.87% no_label,63.38% Background; 36.62% Brodmann_area_6,0.9998,0.9998,0.9998,0.9998,0.9998,0.9998
RH_Default_Temp_3,93.0,3,0.0,3,0,186.0,0.0,0.0,0.0,0.0,0.0,"Liu J 2019, Lu 2019b 1, Lu 2019b 2",,48.97% Temporal_Mid_R; 47.08% Temporal_Sup_R,72.89% Background; 17.31% Brodmann_area_21; 9.04% Brodmann_area_22,0.9998,0.9998,0.9998,0.9998,0.9998,0.9998
LH_Default_PFC_6,47.0,5,0.0,4,0,190.0,0.0,0.0,0.0,0.0,0.0,"Chen 2020 1, Chen 2020 2, Koide & Shimada 2018, Liu T 2017",,73.85% Frontal_Mid_2_L; 21.54% Precentral_L,65.38% Background; 18.86% Brodmann_area_8; 14.04% Brodmann_area_6,0.9998,0.9998,0.9998,0.9998,0.9998,0.9998
RH_SomMot_3,61.0,1,0.0,1,0,44.0,0.0,0.0,0.0,0.0,0.0,Liu T 2017,,71.95% Rolandic_Oper_R; 11.05% Postcentral_R; 5.52% Precentral_R; 5.23% Insula_R,62.50% Background; 10.76% Brodmann_area_6; 8.72% Brodmann_area_43; 5.96% Brodmann_area_22,0.9998,0.9998,0.9998,0.9998,0.9998,0.9998
RH_SomMot_2,60.0,1,0.0,1,0,44.0,0.0,0.0,0.0,0.0,0.0,Liu T 2017,,47.12% Rolandic_Oper_R; 42.76% Insula_R; 5.93% no_label,68.41% Background; 28.45% Brodmann_area_13,0.9998,0.9998,0.9998,0.9998,0.9998,0.9998
RH_SomMot_5,63.0,7,0.0,7,0,328.0,0.0,0.0,0.0,0.0,0.0,"Liu T 2017, Liu J 2019, Lu 2019b 1, Lu 2019b 2, Pan 2017 1, Pan 2017 2, Pan 2017 3",,82.01% Precentral_R; 11.90% Frontal_Mid_2_R,59.26% Background; 24.34% Brodmann_area_4; 8.73% Brodmann_area_6; 7.67% Brodmann_area_3,0.9998,0.9998,0.9998,0.9998,0.9998,0.9998
RH_Default_PFCdPFCm_3,98.0,14,0.0,9,0,466.0,0.0,0.0,0.0,0.0,0.0,"Chen 2020 1, Chen 2020 2, Liu T 2017, Pan 2017 1, Pan 2017 2, Pan 2017 3, Tang 2016 1, Tang 2016 2, Zhao 2017",,61.82% Frontal_Sup_2_R; 32.96% Frontal_Mid_2_R,64.95% Background; 20.42% Brodmann_area_8; 12.30% Brodmann_area_6,0.9998,0.9998,0.9998,0.9998,0.9998,0.9998
LH_Default_PFC_7,48.0,4,0.0,4,0,190.0,0.0,0.0,0.0,0.0,0.0,"Chen 2020 1, Chen 2020 2, Koide & Shimada 2018, Liu T 2017",,52.18% Frontal_Mid_2_L; 45.70% Frontal_Sup_2_L,61.72% Background; 22.26% Brodmann_area_8; 16.02% Brodmann_area_6,0.9998,0.9998,0.9998,0.9998,0.9998,0.9998
LH_SomMot_2,11.0,1,0.0,1,0,44.0,0.0,0.0,0.0,0.0,0.0,Liu T 2017,,41.75% Rolandic_Oper_L; 36.81% Insula_L; 13.47% Heschl_L; 7.59% no_label,66.98% Background; 29.98% Brodmann_area_13,0.9998,0.9998,0.9998,0.9998,0.9998,0.9998
LH_DorsAttn_PrCv_1,22.0,6,0.0,4,0,180.0,0.0,0.0,0.0,0.0,0.0,"Koide & Shimada 2018, Liu T 2017, Pan 2021, Zhang M 2021b",,57.11% Precentral_L; 36.31% Frontal_Inf_Oper_L,61.09% Background; 17.07% Brodmann_area_6; 14.47% Brodmann_area_9; 6.41% Brodmann_area_44,0.9998,0.9998,0.9998,0.9998,0.9998,0.9998
LH_DorsAttn_Post_4,19.0,2,0.0,2,0,108.0,0.0,0.0,0.0,0.0,0.0,"Koide & Shimada 2018, Liu T 2017",,53.76% Postcentral_L; 41.28% Parietal_Inf_L,60.37% Background; 31.38% Brodmann_area_40; 6.61% Brodmann_area_2,0.9998,0.9998,0.9998,0.9998,0.9998,0.9998
RH_Cont_pCun_1,89.0,11,0.0,11,0,490.0,0.0,0.0,0.0,0.0,0.0,"Chen 2020 1, Chen 2020 2, Cheng 2021, Wang 2019, Xue 2018 1, Xue 2018 2, Xue 2018 3, Zhang R 2021 1, Zhang R 2021 2, Zhang Y 2020 1, Zhang Y 2020 2",,79.40% Precuneus_R; 12.62% Cuneus_R,58.54% Background; 38.37% Brodmann_area_7,0.9998,0.9998,0.9998,0.9998,0.9998,0.9998
LH_DorsAttn_FEF_1,23.0,5,0.0,2,0,108.0,0.0,0.0,0.0,0.0,0.0,"Koide & Shimada 2018, Liu T 2017",,40.48% Precentral_L; 38.31% Frontal_Sup_2_L; 9.55% Frontal_Mid_2_L; 6.21% no_label,67.14% Background; 32.63% Brodmann_area_6,0.9998,0.9998,0.9998,0.9998,0.9998,0.9998
LH_SomMot_6,15.0,1,0.0,1,0,64.0,0.0,0.0,0.0,0.0,0.0,Koide & Shimada 2018,,35.94% Paracentral_Lobule_L; 16.23% Postcentral_L; 13.07% Cingulate_Mid_L; 11.43% Supp_Motor_Area_L; 10.72% Precuneus_L; 6.47% Precentral_L,75.41% Background; 10.51% Brodmann_area_6,0.9998,0.9998,0.9998,0.9998,0.9998,0.9998
RH_SomMot_7,65.0,2,0.0,2,0,82.0,0.0,0.0,0.0,0.0,0.0,"Chen 2020 1, Chen 2020 2",,93.64% Postcentral_R,70.27% Background; 14.43% Brodmann_area_5; 6.70% Brodmann_area_2; 5.67% Brodmann_area_40,0.9998,0.9998,0.9998,0.9998,0.9998,0.9998
LH_SalVentAttn_Med_3,30.0,1,0.0,1,0,64.0,0.0,0.0,0.0,0.0,0.0,Koide & Shimada 2018,,92.43% Supp_Motor_Area_L; 5.38% Frontal_Sup_2_L,67.73% Background; 29.18% Brodmann_area_6,0.9998,0.9998,0.9998,0.9998,0.9998,0.9998
RH_Cont_PFCl_4,86.0,17,0.0,10,0,425.0,0.0,0.0,0.0,0.0,0.0,"Hou 2020, Liu T 2017, Pan 2017 1, Pan 2017 2, Pan 2017 3, Pan 2018 1, Pan 2018 2, Pinti 2021, Tang 2016 1, Tang 2016 2",,74.38% Frontal_Mid_2_R; 10.10% Frontal_Inf_Oper_R; 7.42% Precentral_R,65.04% Background; 12.02% Brodmann_area_8; 11.68% Brodmann_area_9; 11.13% Brodmann_area_6,0.9998,0.9998,0.9998,0.9998,0.9998,0.9998
RH_Vis_4,54.0,9,0.0,9,0,408.0,0.0,0.0,0.0,0.0,0.0,"Cheng 2021, Wang 2019, Xue 2018 1, Xue 2018 2, Xue 2018 3, Zhang R 2021 1, Zhang R 2021 2, Zhang Y 2020 1, Zhang Y 2020 2",,22.08% Occipital_Inf_R; 20.09% Lingual_R; 17.69% no_label; 13.67% Occipital_Mid_R; 11.69% Calcarine_R; 5.95% Occipital_Sup_R,61.43% Background; 29.44% Brodmann_area_18; 6.58% Brodmann_area_17,0.9998,0.9998,0.9998,0.9998,0.9998,0.9998
LH_DorsAttn_Post_1,16.0,5,0.0,5,0,115.0,0.0,0.0,0.0,0.0,0.0,"Hou 2020, Pan 2018 1, Pan 2018 2, Zhu 2021 1, Zhu 2021 2",,34.36% Temporal_Inf_L; 23.48% Fusiform_L; 16.27% Occipital_Inf_L; 15.39% Temporal_Mid_L; 5.86% no_label,74.45% Background; 15.09% Brodmann_area_37; 6.32% Brodmann_area_19,0.9998,0.9998,0.9998,0.9998,0.9998,0.9998
LH_Limbic_TempPole_2,33.0,6,0.0,6,0,133.0,0.0,0.0,0.0,0.0,0.0,"Hou 2020, Liu N 2016, Pan 2018 1, Pan 2018 2, Zhu 2021 1, Zhu 2021 2",,62.28% Temporal_Inf_L; 26.78% Temporal_Mid_L; 10.06% no_label,79.65% Background; 12.57% Brodmann_area_20,0.9998,0.9998,0.9998,0.9998,0.9998,0.9998
RH_Default_Temp_1,91.0,10,0.0,7,0,273.0,0.0,0.0,0.0,0.0,0.0,"Hou 2020, Liu T 2017, Liu J 2019, Lu 2019b 1, Lu 2019b 2, Pan 2018 1, Pan 2018 2",,54.41% Temporal_Mid_R; 41.95% Temporal_Inf_R,74.72% Background; 13.30% Brodmann_area_21; 11.29% Brodmann_area_20,0.9998,0.9998,0.9998,0.9998,0.9998,0.9998
RH_Default_Temp_2,92.0,3,0.0,3,0,43.0,0.0,0.0,0.0,0.0,0.0,"Hou 2020, Pan 2018 1, Pan 2018 2",,43.90% Temporal_Pole_Sup_R; 20.42% Temporal_Sup_R; 15.81% Temporal_Mid_R; 11.20% Temporal_Pole_Mid_R; 5.69% no_label,57.00% Background; 25.29% Brodmann_area_38; 15.45% Brodmann_area_21,0.9998,0.9998,0.9998,0.9998,0.9998,0.9998
LH_SomMot_3,12.0,12,0.0,9,0,267.0,0.0,0.0,0.0,0.0,0.0,"Hou 2020, Koide & Shimada 2018, Liu T 2017, Pan 2018 1, Pan 2018 2, Pan 2021, Quinones-Camacho 2021, Zhu 2021 1, Zhu 2021 2",,42.35% Rolandic_Oper_L; 26.58% Postcentral_L; 11.09% Temporal_Sup_L; 8.43% SupraMarginal_L,58.11% Background; 7.88% Brodmann_area_6; 6.51% Brodmann_area_13; 6.32% Brodmann_area_43; 5.87% Brodmann_area_22,0.9998,0.9998,0.9998,0.9998,0.9998,0.9998
LH_Default_Temp_1,38.0,9,0.0,6,0,133.0,0.0,0.0,0.0,0.0,0.0,"Hou 2020, Liu N 2016, Pan 2018 1, Pan 2018 2, Zhu 2021 1, Zhu 2021 2",,54.02% Temporal_Mid_L; 15.85% Temporal_Inf_L; 10.15% Temporal_Sup_L; 9.82% Temporal_Pole_Sup_L; 6.85% Temporal_Pole_Mid_L,65.66% Background; 19.20% Brodmann_area_21; 7.38% Brodmann_area_38; 6.18% Brodmann_area_20,0.9998,0.9998,0.9998,0.9998,0.9998,0.9998
LH_SalVentAttn_Med_1,28.0,1,0.0,1,0,48.0,0.0,0.0,0.0,0.0,0.0,Zhao 2017,,33.35% Cingulate_Ant_L; 30.84% Cingulate_Mid_L; 16.55% Frontal_Sup_Medial_L; 12.02% Supp_Motor_Area_L; 7.24% no_label,54.69% Background; 18.19% Brodmann_area_32; 15.73% Brodmann_area_24; 6.04% Brodmann_area_8,0.9998,0.9998,0.9998,0.9998,0.9998,0.9998
